title,price,description,image_link
Mercedes-Benz G-класс AMG,$ 78 000,"2013 г., 5.5 л., автомат, внедорожник 5 дв., бензин, руль слева, 170 000 км",https://im.mashina.kg/tachka/images//a/f/8/af811f0be4bec1e2bf9a806a81ee98c3_240x180.jpg
Toyota Camry,$ 32 000,"2021 г., 3.5 л., автомат, седан, бензин, руль слева, 32 000 км",https://im.mashina.kg/tachka/images//5/8/d/58d6fb54321486e22436bfd620590f7a_240x180.jpg
BMW 5 Серия,$ 38 000,"2017 г., 2 л., автомат, седан, дизель, руль слева, 93 000 км",https://im.mashina.kg/tachka/images//4/1/0/4107ffba9a5376eb823f84be88efeb00_240x180.jpg
Toyota Camry,$ 27 500,"2019 г., 2.5 л., автомат, седан, бензин, руль слева",https://im.mashina.kg/tachka/images//f/7/e/f7e711bad22d67734773120e39558cf6_240x180.jpg
Toyota Highlander,$ 36 500,"2016 г., 3.5 л., автомат, внедорожник 5 дв., бензин, руль слева, 90 000 км",https://im.mashina.kg/tachka/images//e/f/9/ef94753fa14e4f85186fe9275147b902_240x180.jpg
Toyota RAV4,$ 42 000,"2019 г., 2.5 л., вариатор, внедорожник 5 дв., гибрид, руль слева, 40 000 км",https://im.mashina.kg/tachka/images//c/6/9/c69641ad400a8a605f539fcbef29da6c_240x180.jpg
Mercedes-Benz GLC-класс,$ 51 000,"2021 г., 2 л., автомат, внедорожник 5 дв., бензин, руль слева, 16 000 км",https://im.mashina.kg/tachka/images//0/c/1/0c114a3a49ce25df20ecaf8e3443b3ba_240x180.jpg
Toyota Ist,$ 5 950,"2003 г., 1.3 л., автомат, хэтчбек 5 дв., бензин, руль справа",https://im.mashina.kg/tachka/images//b/e/b/beb149a102e27e1fc731b130503e64a6_240x180.jpg
Toyota Camry,$ 37 000,"2020 г., 2.5 л., вариатор, седан, гибрид, руль слева, 35 000 км",https://im.mashina.kg/tachka/images//7/8/7/787feefcabc3dd9e709a149debb82e19_240x180.jpg
Toyota Camry,$ 35 000,"2020 г., 2.5 л., вариатор, седан, гибрид, руль слева, 80 000 км",https://im.mashina.kg/tachka/images//b/7/4/b746acc3d459bf42d484532aa0ecd819_240x180.jpg
Toyota Camry,$ 14 200,"2016 г., 2.5 л., автомат, седан, бензин, руль слева, 200 000 км",https://im.mashina.kg/tachka/images//0/0/e/00e0cc1fd1bf0932c2fd3837889efc10_240x180.jpg
Mercedes-Benz S-класс,$ 9 300,"2003 г., 4.3 л., автомат, седан, бензин, руль слева, 270 270 км",https://im.mashina.kg/tachka/images//a/0/e/a0eae44c14f831e26ea908eb71be56bc_240x180.jpg
Mercedes-Benz E-класс,$ 6 400,"2000 г., 2.4 л., автомат, седан, бензин, руль слева, 250 000 км",https://im.mashina.kg/tachka/images//6/7/8/6788386d4ff683e71af03bd85e7f4c79_240x180.jpg
Toyota Avalon,$ 25 000,"2016 г., 2.5 л., вариатор, седан, гибрид, руль слева, 77 000 км",https://im.mashina.kg/tachka/images//6/c/e/6ce87faf9a58b3cbb087e59f25595af0_240x180.jpg
Toyota Camry,$ 11 300,"2009 г., 2.4 л., автомат, седан, бензин, руль слева",https://im.mashina.kg/tachka/images//8/6/6/866a625c95aa74b096cad7a2c67a33c7_240x180.jpg
Lexus GX,$ 18 500,"2003 г., 4.7 л., автомат, внедорожник 5 дв., бензин, руль слева, 171 000 км",https://im.mashina.kg/tachka/images//d/6/a/d6a354fd57041c008283a0f6df82e245_240x180.jpg
BMW X6,$ 13 500,"2008 г., 4.4 л., автомат, внедорожник 5 дв., бензин, руль слева",https://im.mashina.kg/tachka/images//c/5/9/c591f0e81d031c01b6fadd18ffd4a92a_240x180.jpg
Scion xD,$ 10 000,"2008 г., 1.8 л., автомат, хэтчбек 5 дв., бензин, руль слева, 145 000 км",https://im.mashina.kg/tachka/images//0/f/b/0fb8af0167b10d442c9d540bd4d6e853_240x180.jpg
Toyota Land Cruiser,$ 30 500,"2007 г., 4.7 л., автомат, внедорожник 5 дв., бензин, руль слева, 180 000 км",https://im.mashina.kg/tachka/images//7/f/d/7fd456a5d138657ccf52cce28e41b3b4_240x180.jpg
Toyota Land Cruiser,$ 70 000,"2016 г., 4.6 л., автомат, внедорожник 5 дв., бензин, руль слева, 85 000 км",https://im.mashina.kg/tachka/images//6/6/9/669d236926159609bdd5ddda15bccec6_240x180.jpg
BMW 5 Серия,$ 5 500,"2002 г., 3 л., автомат, седан, бензин, руль слева",https://im.mashina.kg/tachka/images//d/5/6/d5676cc17c50d0b8cd95327c0314a652_240x180.jpg
Toyota Camry,$ 15 200,"2012 г., 2.5 л., автомат, седан, бензин, руль слева, 160 960 км",https://im.mashina.kg/tachka/images//1/8/c/18c079a286d614c71ca002c022028cad_240x180.jpg
Hyundai Palisade,$ 45 000,"2019 г., 2.2 л., автомат, внедорожник 5 дв., дизель, руль слева, 89 000 км",https://im.mashina.kg/tachka/images//f/6/7/f67c109a641eb01a6dc60d100b20b69f_240x180.jpg
Lexus GX,$ 26 800,"2005 г., 4.7 л., автомат, внедорожник 5 дв., бензин, руль слева",https://im.mashina.kg/tachka/images//3/9/d/39d231a778023d493d8e8d99d2740d0d_240x180.jpg
Kia K5 II Седан,$ 13 999,"2016 г., 2 л., автомат, седан, газ, руль слева, 260 000 км",https://im.mashina.kg/tachka/images//4/b/1/4b144cd54af010dc6e35188feeee03ac_240x180.jpg
Lexus RX,$ 25 500,"2011 г., 3.5 л., автомат, внедорожник 5 дв., бензин, руль слева, 102 500 км",https://im.mashina.kg/tachka/images//9/2/d/92dc858ef3fef1cc8075152a6a983a64_240x180.jpg
Lexus LX,$ 83 000,"2016 г., 4.5 л., автомат, внедорожник 5 дв., дизель, руль слева, 137 000 км",https://im.mashina.kg/tachka/images//5/7/5/575bf9176b478b589138cbc3f949278a_240x180.jpg
Land Rover Range Rover Sport,$ 23 000,"2010 г., 5 л., автомат, внедорожник 5 дв., бензин, руль слева",https://im.mashina.kg/tachka/images//c/0/4/c0446b24a0f6e4a3773143f370162427_240x180.jpg
Lexus GS,$ 11 500,"2006 г., 3.5 л., вариатор, седан, гибрид, руль слева, 183 000 км",https://im.mashina.kg/tachka/images//9/1/5/915a99195e3138244655e4f073510d2d_240x180.jpg
Lexus LX,$ 240 000,"2022 г., 3.4 л., автомат, внедорожник 5 дв., бензин, руль слева, 13 500 км",https://im.mashina.kg/tachka/images//a/2/9/a293609bc7418a5bef592e966b093c0f_240x180.jpg
BMW X6,$ 118 000,"2021 г., 3 л., автомат, внедорожник 5 дв., бензин, руль слева, 9 800 км",https://im.mashina.kg/tachka/images//4/0/2/402fa78d76b2cefd2d48c2c21e5e587f_240x180.jpg
Kia K7,$ 15 200,"2017 г., 3 л., автомат, седан, газ, руль слева",https://im.mashina.kg/tachka/images//c/e/6/ce6d689c539530d96964e790f6344731_240x180.jpg
Land Rover Range Rover Sport,$ 40 000,"2014 г., 3 л., автомат, внедорожник 5 дв., дизель, руль слева, 170 000 км",https://im.mashina.kg/tachka/images//2/6/c/26caa2753a3e068caa3d24ad69931fdb_240x180.jpg
Toyota Camry,$ 38 000,"2018 г., 3.5 л., автомат, седан, бензин, руль слева",https://im.mashina.kg/tachka/images//c/1/b/c1b390df6e2060c86eb0d2a56b168729_240x180.jpg
Land Rover Range Rover Velar,$ 68 000,"2017 г., 3 л., автомат, внедорожник 5 дв., дизель, руль слева, 72 000 км",https://im.mashina.kg/tachka/images//5/7/2/572b72b78536345cd8d2428b564a74cc_240x180.jpg
BMW 7 Серия,$ 57 000,"2016 г., 4.4 л., автомат, седан, бензин, руль слева",https://im.mashina.kg/tachka/images//f/c/6/fc6f7e7d35776cd5ce149fa2db48c950_240x180.jpg
BMW 5 Серия,$ 43 000,"2018 г., 2 л., автомат, седан, бензин, руль слева",https://im.mashina.kg/tachka/images//3/2/f/32fb5405f2f79dd8d4f23f8571949411_240x180.jpg
Mercedes-Benz CL-класс,$ 8 200,"2003 г., 5 л., автомат, купе, бензин, руль слева",https://im.mashina.kg/tachka/images//2/2/5/225f373a55b1621639aaa4901d4de0b5_240x180.jpg
Mercedes-Benz S-класс,$ 8 500,"2003 г., 5 л., автомат, седан, бензин, руль слева",https://im.mashina.kg/tachka/images//9/1/4/91407d4809a25fbdc179f34272f4589b_240x180.jpg
Hyundai Tucson,$ 18 700,"2016 г., 2 л., автомат, внедорожник 5 дв., дизель, руль слева",https://im.mashina.kg/tachka/images//5/f/5/5f580abd5bc8c8da81422ae8f84c3ee1_240x180.jpg
Mitsubishi Delica,$ 3 999,"1995 г., 2.4 л., автомат, минивэн, бензин, руль справа",https://im.mashina.kg/tachka/images//b/f/7/bf7e40b82eb2b11e9a3dd570d9eb851c_240x180.jpg
Toyota Camry,$ 27 500,"2018 г., 2.5 л., автомат, седан, бензин, руль слева, 200 000 км",https://im.mashina.kg/tachka/images//1/1/9/1196888826967cdc0c0626fa4b38a8c2_240x180.jpg
Honda Elysion,$ 10 200,"2004 г., 3 л., автомат, минивэн, бензин, руль справа, 28 000 км",https://im.mashina.kg/tachka/images//d/4/a/d4a32713bce05ad3b0c2dc37f9ed5310_240x180.jpg
Lexus ES,$ 12 700,"2007 г., 3.5 л., автомат, седан, бензин, руль слева, 212 433 км",https://im.mashina.kg/tachka/images//e/f/c/efc71b6d0b3d1a744a69d6ff2adfb740_240x180.jpg
Lexus ES,$ 45 200,"2019 г., 2.5 л., вариатор, седан, гибрид, руль слева, 21 000 км",https://im.mashina.kg/tachka/images//a/7/e/a7efb0749b479b448c0aeb2fe107a442_240x180.jpg
Hyundai Sonata,$ 16 555,"2017 г., 2 л., автомат, седан, бензин, руль слева, 110 000 км",https://im.mashina.kg/tachka/images//e/5/c/e5ce5d8c0f32823f1033f55be707de5c_240x180.jpg
Opel Zafira,$ 3 408,"2000 г., 1.8 л., механика, компактвэн, бензин, руль слева, 145 236 км",https://im.mashina.kg/tachka/images//c/0/d/c0d79024ed6ed8cc46e6fcaa530a7e9c_240x180.jpg
Toyota Crown,$ 15 000,"2009 г., 3.5 л., автомат, седан, бензин, руль справа, 176 000 км",https://im.mashina.kg/tachka/images//c/3/2/c3226092d5741ca0b13869f6abb1b22c_240x180.jpg
Mercedes-Benz E-класс,$ 6 800,"2002 г., 3.2 л., автомат, седан, бензин, руль слева, 400 000 км",https://im.mashina.kg/tachka/images//7/4/7/7476b70f46dcfd843965237a7a606bfc_240x180.jpg
Honda Fit,$ 7 700,"2006 г., 1.5 л., автомат, хэтчбек 5 дв., бензин, руль слева, 175 000 км",https://im.mashina.kg/tachka/images//2/9/a/29a2f1b18427f2fc9c89aa5fe2e54fd4_240x180.jpg
Kia Optima,$ 16 200,"2017 г., 2 л., автомат, седан, гибрид, руль слева, 97 000 км",https://im.mashina.kg/tachka/images//f/3/a/f3ae5d5b095254f3448537eb3c248470_240x180.jpg
Toyota Camry,$ 15 500,"2016 г., 2.5 л., автомат, седан, бензин, руль слева, 100 000 км",https://im.mashina.kg/tachka/images//b/6/1/b617a06b1c178d5acce5dca8ce802312_240x180.jpg
Toyota Camry,$ 29 500,"2018 г., 2 л., автомат, седан, бензин, руль слева, 36 800 км",https://im.mashina.kg/tachka/images//a/d/c/adce0b33f93271d2592bbc99c1205667_240x180.jpg
BMW 1 Серия,$ 21 999,"2008 г., 3 л., механика, купе, бензин, руль слева, 158 000 км",https://im.mashina.kg/tachka/images//1/2/b/12b7fa3fa0c9ec64c6c928f836797728_240x180.jpg
Toyota Alphard,$ 12 600,"2007 г., 3 л., автомат, минивэн, бензин, руль справа, 96 000 км",https://im.mashina.kg/tachka/images//c/4/e/c4e663cee46674f60bcb24162fffc970_240x180.jpg
Lexus NX,$ 33 900,"2017 г., 2 л., автомат, внедорожник 5 дв., бензин, руль слева, 86 000 км",https://im.mashina.kg/tachka/images//7/0/6/706300e7991c874be9d7f772ecb2d38c_240x180.jpg
Toyota Camry,$ 21 500,"2016 г., 2 л., автомат, седан, бензин, руль слева, 142 000 км",https://im.mashina.kg/tachka/images//a/6/5/a658f2e87312ed5565ed07261e9bca37_240x180.jpg
BMW X5,$ 36 000,"2015 г., 3 л., автомат, внедорожник 5 дв., бензин, руль слева, 174 000 км",https://im.mashina.kg/tachka/images//1/8/0/180badd755518f79d30fa515834909e4_240x180.jpg
Toyota Camry,$ 20 000,"2012 г., 3.5 л., автомат, седан, бензин, руль слева",https://im.mashina.kg/tachka/images//6/a/c/6acb9ef37fd477d3411dda7229e3a686_240x180.jpg
Toyota Harrier,$ 13 900,"2003 г., 3 л., автомат, внедорожник 5 дв., бензин, руль справа, 240 000 км",https://im.mashina.kg/tachka/images//6/b/9/6b97146a52ffe58de3d12cf91af0a93f_240x180.jpg
Mercedes-Benz E-класс,$ 9 300,"2002 г., 5 л., автомат, седан, бензин, руль слева, 221 100 км",https://im.mashina.kg/tachka/images//2/4/5/245068873dc936597c294285065f7776_240x180.jpg
Subaru XV,$ 26 500,"2018 г., 2 л., вариатор, внедорожник 5 дв., бензин, руль слева, 58 000 км",https://im.mashina.kg/tachka/images//c/7/9/c79cfbe1508b5f626d75754593fd47f0_240x180.jpg
Toyota Vellfire,$ 15 800,"2010 г., 3.5 л., автомат, минивэн, бензин, руль справа, 104 000 км",https://im.mashina.kg/tachka/images//2/a/d/2ad9170e6c4143eac2b5be7887fbe0c8_240x180.jpg
Lexus LX,$ 59 500,"2012 г., 5.7 л., автомат, внедорожник 5 дв., бензин, руль слева, 113 000 км",https://im.mashina.kg/tachka/images//a/3/0/a3099cfb52e59ebd6f5664b3eba593b5_240x180.jpg
Toyota Alphard,$ 14 500,"2010 г., 2.4 л., автомат, минивэн, бензин, руль справа, 62 000 км",https://im.mashina.kg/tachka/images//e/a/2/ea2029a96c7110c2a0a1ff0e1d49f25d_240x180.jpg
Toyota Camry,$ 15 100,"2012 г., 2.5 л., автомат, седан, бензин, руль слева, 123 000 км",https://im.mashina.kg/tachka/images//2/c/d/2cd7973ef92d0e4fc06297dbecd401c6_240x180.jpg
Toyota Camry,$ 17 800,"2016 г., 2.5 л., вариатор, седан, гибрид, руль слева, 137 000 км",https://im.mashina.kg/tachka/images//d/f/a/dfaafdb680ed188c045b1ae4238aabf1_240x180.jpg
Kia Optima,$ 12 600,"2016 г., 2.4 л., автомат, седан, бензин, руль слева, 78 000 км",https://im.mashina.kg/tachka/images//3/4/e/34e630f07cf7004aaf2d8af1407af852_240x180.jpg
Lexus RX,$ 9 600,"2002 г., 3 л., автомат, внедорожник 5 дв., бензин, руль слева, 216 000 км",https://im.mashina.kg/tachka/images//4/2/7/42728f9af4e4a42102b70598aaa68916_240x180.jpg
Honda Fit,$ 13 800,"2017 г., 1.5 л., вариатор, хэтчбек 5 дв., бензин, руль слева, 52 000 км",https://im.mashina.kg/tachka/images//0/1/f/01f81b4359c34492af6cdfd02f460028_240x180.jpg
Mercedes-Benz E-класс AMG,$ 25 000,"2000 г., 5.4 л., автомат, седан, бензин, руль слева, 127 000 км",https://im.mashina.kg/tachka/images//8/c/d/8cd322dfeec5e8bcc068913eefcbcbb9_240x180.jpg
Toyota Crown,$ 13 700,"2010 г., 3.5 л., автомат, седан, бензин, руль справа",https://im.mashina.kg/tachka/images//6/2/a/62accdc3da526bf4bfeaf695094d9191_240x180.jpg
Lexus GX,$ 21 500,"2006 г., 4.7 л., автомат, внедорожник 5 дв., бензин, руль слева",https://im.mashina.kg/tachka/images//c/a/b/cab0ce9a8baa1d1fd8460bb7c8b75ee4_240x180.jpg
Toyota Camry,$ 15 900,"2012 г., 2.5 л., вариатор, седан, гибрид, руль слева",https://im.mashina.kg/tachka/images//c/8/3/c83aae5a2f6762aa1a2fee2a38999c43_240x180.jpg
Toyota Highlander,$ 36 500,"2016 г., 3.5 л., вариатор, внедорожник 5 дв., гибрид, руль слева, 140 000 км",https://im.mashina.kg/tachka/images//9/2/4/924712fa0b3a74ef5b4245870b0fda21_240x180.jpg
Toyota Land Cruiser,$ 60 000,"2015 г., 4.5 л., автомат, внедорожник 5 дв., дизель, руль слева, 138 000 км",https://im.mashina.kg/tachka/images//8/0/f/80f2d9902fa9a7eda87341a9985ccb84_240x180.jpg
Mercedes-Benz E-класс,$ 8 300,"2002 г., 3.2 л., автомат, седан, бензин, руль слева, 217 000 км",https://im.mashina.kg/tachka/images//7/d/f/7df7f6c539e85702ab8320fcca06d52b_240x180.jpg
Lexus RX,$ 97 000,"2020 г., 3.5 л., вариатор, внедорожник 5 дв., гибрид, руль слева, 27 619 км",https://im.mashina.kg/tachka/images//9/a/1/9a152c39134b106468f57534c97a8d19_240x180.jpg
BMW X7,$ 165 000,"2021 г., 4.4 л., автомат, внедорожник 5 дв., бензин, руль слева, 23 000 км",https://im.mashina.kg/tachka/images//1/6/5/1654b9b5c4719b24514751df46727cd2_240x180.jpg
Lexus GX,$ 23 000,"2005 г., 4.7 л., автомат, внедорожник 5 дв., бензин, руль слева, 120 000 км",https://im.mashina.kg/tachka/images//f/c/0/fc0fc7e3d7cba61b4d177c15e5dd6a77_240x180.jpg
Toyota Prius,$ 23 500,"2017 г., 1.8 л., вариатор, хэтчбек 5 дв., гибрид, руль слева, 60 000 км",https://im.mashina.kg/tachka/images//3/5/e/35e5e8289895ca69f44cce51e4a898ba_240x180.jpg
Lexus GS,$ 10 500,"2003 г., 4.3 л., автомат, седан, бензин, руль слева, 166 000 км",https://im.mashina.kg/tachka/images//1/4/d/14da451471427ffa4a2aa9bc75df0b2e_240x180.jpg
Mercedes-Benz C-класс,$ 30 000,"2016 г., 3 л., автомат, седан, бензин, руль слева, 92 000 км",https://im.mashina.kg/tachka/images//a/1/c/a1c2b78cb37fc2bfad5e847611c55a87_240x180.jpg
BMW X7,$ 155 000,"2020 г., 4.4 л., автомат, внедорожник 5 дв., бензин, руль слева, 45 000 км",https://im.mashina.kg/tachka/images//5/8/6/58635862d56b8a5a397eeaf7ae661d9b_240x180.jpg
BMW X5,$ 28 500,"2012 г., 3 л., автомат, внедорожник 5 дв., дизель, руль слева, 230 000 км",https://im.mashina.kg/tachka/images//0/e/4/0e4c90d5e54ebd47242d715f451748dd_240x180.jpg
BMW 5 Серия,$ 44 000,"2017 г., 2 л., автомат, седан, дизель, руль слева, 103 000 км",https://im.mashina.kg/tachka/images//7/d/a/7da86771db7a2b43c1e720629fd7648d_240x180.jpg
Audi 100,$ 2 678,"1991 г., 2.3 л., механика, седан, бензин, руль слева, 293 000 км",https://im.mashina.kg/tachka/images//2/d/2/2d2cead8569a4c4c5254439ba84d1c20_240x180.jpg
Daewoo Matiz,$ 2 556,"2009 г., 0.8 л., механика, хэтчбек 5 дв., бензин, руль слева, 258 800 км",https://im.mashina.kg/tachka/images//a/2/f/a2f6698a002f968f30c54163ccadb3f3_240x180.jpg
Toyota Prius,$ 18 000,"2016 г., 1.8 л., вариатор, хэтчбек 5 дв., гибрид, руль слева, 189 000 км",https://im.mashina.kg/tachka/images//b/4/f/b4f9319faa5ebefda8ff06c2249e80e3_240x180.jpg
Toyota Prius,$ 17 500,"2016 г., 1.8 л., вариатор, хэтчбек 5 дв., гибрид, руль слева, 200 000 км",https://im.mashina.kg/tachka/images//a/b/e/abec1263fa5ead971202aab4b0c27f61_240x180.jpg
Toyota Prius,$ 18 000,"2016 г., 1.8 л., вариатор, хэтчбек 5 дв., гибрид, руль слева, 74 700 км",https://im.mashina.kg/tachka/images//c/d/9/cd93f43ba33c5dda7dda54071f5aeb09_240x180.jpg
Hyundai Sonata,$ 15 300,"2016 г., 2.4 л., автомат, седан, бензин, руль слева, 80 200 км",https://im.mashina.kg/tachka/images//a/8/2/a82d424be5c9fff4fc222fc0d9fe08d6_240x180.jpg
Toyota TownAce,$ 4 139,"1999 г., 2 л., автомат, компактвэн, бензин, руль справа",https://im.mashina.kg/tachka/images//0/6/0/0601fa78c6e8c5f127e120d2597b5863_240x180.jpg
BMW 7 Серия,$ 26 000,"2013 г., 3 л., автомат, седан, бензин, руль слева, 180 000 км",https://im.mashina.kg/tachka/images//f/2/d/f2d1653a2878817f7ea7226dd4b6752a_240x180.jpg
Volkswagen Golf,$ 5 000,"2005 г., 1.6 л., механика, универсал, бензин, руль слева, 170 000 км",https://im.mashina.kg/tachka/images//d/7/b/d7b6d952a3512634b8d45fc6781889ff_240x180.jpg
BMW 5 Серия,$ 4 700,"1992 г., 2 л., механика, седан, бензин, руль слева, 454 000 км",https://im.mashina.kg/tachka/images//6/5/3/65382ab6b03a94d7f6866808548ad863_240x180.jpg
Toyota Land Cruiser Prado,$ 24 500,"2008 г., 3 л., автомат, внедорожник 5 дв., дизель, руль слева, 340 000 км",https://im.mashina.kg/tachka/images//b/e/8/be8e2baddffa9871eef7b5a8f2018beb_240x180.jpg
Kia K5 II Седан,$ 16 800,"2018 г., 2 л., автомат, седан, газ, руль слева, 135 000 км",https://im.mashina.kg/tachka/images//0/8/e/08e49531a3f30e77b8e6334c3958f7c2_240x180.jpg
Mercedes-Benz S-класс,$ 14 000,"2005 г., 5.5 л., автомат, седан, бензин, руль слева, 169 000 км",https://im.mashina.kg/tachka/images//c/6/b/c6b5fa69dc5527434f54d75fe245c3e4_240x180.jpg
Nissan Primera,$ 3 895,"2002 г., 1.8 л., автомат, седан, бензин, руль справа, 211 000 км",https://im.mashina.kg/tachka/images//e/f/3/ef36f2d9c273386f38f27bf87d6b16c0_240x180.jpg
Toyota Prius,$ 12 400,"2011 г., 1.8 л., автомат, хэтчбек 5 дв., гибрид, руль слева",https://im.mashina.kg/tachka/images//3/e/0/3e0779d4ff0242bae37f669c995279b4_240x180.jpg
Lexus GX,$ 29 500,"2007 г., 4.7 л., автомат, внедорожник 5 дв., бензин, руль слева",https://im.mashina.kg/tachka/images//f/5/b/f5be280aa418aad5870f06b025f23b10_240x180.jpg
Lexus GX,$ 31 500,"2008 г., 4.7 л., автомат, внедорожник 5 дв., бензин, руль слева",https://im.mashina.kg/tachka/images//7/4/8/7485f6d8a659680acb04385d470fd2f6_240x180.jpg
Mercedes-Benz W124,$ 1 826,"1991 г., 2.3 л., механика, универсал, бензин, руль слева, 200 000 км",https://im.mashina.kg/tachka/images//0/1/4/0141b7a0d3bbf7a4f4c3ce1e7c594b37_240x180.jpg
Toyota Highlander,$ 15 800,"2005 г., 3.3 л., вариатор, внедорожник 5 дв., гибрид, руль слева",https://im.mashina.kg/tachka/images//9/f/4/9f4833666751c0768c72ac11d92cbf29_240x180.jpg
Lexus RX,$ 23 000,"2009 г., 3.5 л., автомат, внедорожник 5 дв., бензин, руль слева, 171 000 км",https://im.mashina.kg/tachka/images//1/b/5/1b5469d5e66d7aa5b03bd98907c1125f_240x180.jpg
Toyota Mark II,$ 8 156,"2004 г., 2 л., автомат, седан, бензин, руль справа, 300 000 км",https://im.mashina.kg/tachka/images//7/c/6/7c67b5f870020f49c64c2a59655e8cc7_240x180.jpg
BMW 5 Серия,$ 2 191,"1991 г., 2 л., механика, седан, бензин, руль слева",https://im.mashina.kg/tachka/images//1/8/8/1885a161d92340fd645ea4f717fac0a4_240x180.jpg
Kia K7,$ 17 800,"2016 г., 3 л., автомат, седан, газ, руль слева, 250 000 км",https://im.mashina.kg/tachka/images//8/4/d/84dcd1ada92bc516462ce65e21ad9e4c_240x180.jpg
Kia K5 I Рестайлинг Седан,$ 11 400,"2014 г., 2 л., автомат, седан, газ, руль слева, 123 500 км",https://im.mashina.kg/tachka/images//c/d/1/cd1df3fc334e70b1bb47669144d7d2d3_240x180.jpg
Suzuki Alto,$ 2 556,"2005 г., 1.1 л., механика, хэтчбек 5 дв., бензин, руль слева, 150 000 км",https://im.mashina.kg/tachka/images//7/7/a/77a24ebda066446f9b0e0cc9618c719d_240x180.jpg
Mercedes-Benz E-класс,$ 5 234,"2001 г., 2 л., механика, универсал, бензин, руль слева, 312 411 км",https://im.mashina.kg/tachka/images//7/1/d/71d40fdb600c756bedc0fac6d4c819ab_240x180.jpg
Toyota Land Cruiser,$ 14 500,"1997 г., 4.5 л., автомат, внедорожник 5 дв., бензин, руль слева, 300 000 км",https://im.mashina.kg/tachka/images//5/4/f/54fe070aee413c3b09f349971d2d830d_240x180.jpg
Daewoo Matiz,$ 2 191,"2002 г., 0.8 л., механика, хэтчбек 5 дв., бензин, руль слева, 10 258 км",https://im.mashina.kg/tachka/images//c/8/3/c83e08c41b7049dbce36e9167e3ab47a_240x180.jpg
Toyota Ist,$ 7 300,"2003 г., 1.3 л., автомат, хэтчбек 5 дв., бензин, руль справа, 220 000 км",https://im.mashina.kg/tachka/images//c/d/d/cdd4cb9828bbb4f8022569dc19fbe0b6_240x180.jpg
Toyota FunCargo,$ 6 850,"2002 г., 1.3 л., автомат, компактвэн, бензин, руль справа, 160 000 км",https://im.mashina.kg/tachka/images//5/a/1/5a1807322293e765eb69ba12c491d2b5_240x180.jpg
Suzuki Wagon R,$ 2 678,"1998 г., 0.7 л., механика, микровэн, бензин, руль слева, 300 000 км",https://im.mashina.kg/tachka/images//9/9/7/997b05b39eac182e6bccbf333b3f2f8f_240x180.jpg
Suzuki Wagon R+,$ 2 678,"1998 г., 1 л., механика, микровэн, бензин, руль слева, 300 000 км",https://im.mashina.kg/tachka/images//f/9/2/f9208510f6bcf50a8f50fd2173f3a1ee_240x180.jpg
Volkswagen Golf,$ 4 800,"2001 г., 1.6 л., механика, хэтчбек 5 дв., бензин, руль слева",https://im.mashina.kg/tachka/images//3/b/5/3b51c4c0450575f04060095f884b2c2a_240x180.jpg
Nissan Pathfinder,$ 6 900,"2005 г., 2.5 л., механика, внедорожник 5 дв., дизель, руль слева, 220 000 км",https://im.mashina.kg/tachka/images//f/2/1/f21ea1549ac2084e25010206346782c2_240x180.jpg
Mercedes-Benz G-класс,$ 29 700,"2002 г., 5 л., автомат, внедорожник 5 дв., бензин, руль слева",https://im.mashina.kg/tachka/images//5/f/1/5f15796eb7439eed70ea34dbfdf7e30c_240x180.jpg
Toyota Wish,$ 9 130,"2004 г., 1.8 л., автомат, компактвэн, бензин, руль справа, 230 000 км",https://im.mashina.kg/tachka/images//0/5/e/05ef6e570fe06682b7f04f93b634df4e_240x180.jpg
Kia Optima,$ 14 000,"2018 г., 2 л., автомат, седан, бензин, руль слева, 76 000 км",https://im.mashina.kg/tachka/images//a/7/3/a73b1c1d1a539c7b0ec20dc05a048cf7_240x180.jpg
Honda Accord,$ 10 200,"2009 г., 2.4 л., автомат, седан, бензин, руль слева, 170 000 км",https://im.mashina.kg/tachka/images//8/1/e/81e220a86661f7e2b585bf06974535bf_240x180.jpg
Mercedes-Benz E-класс,$ 5 478,"1993 г., 2 л., механика, седан, бензин, руль слева, 280 000 км",https://im.mashina.kg/tachka/images//e/b/9/eb99305f92cd8740cf4b1c6c8b38d8b5_240x180.jpg
ВАЗ (Lada) 2107,$ 2 435,"2011 г., 1.6 л., механика, седан, бензин, руль слева, 80 000 км",https://im.mashina.kg/tachka/images//1/7/f/17f704208220317ddebfce5e1691429c_240x180.jpg
Honda Fit,$ 9 400,"2006 г., 1.5 л., вариатор, хэтчбек 5 дв., бензин, руль справа, 75 000 км",https://im.mashina.kg/tachka/images//7/5/c/75ca0a2f5dbf9c7d5bcc63f27375660d_240x180.jpg
Honda Accord,$ 1 948,"1998 г., 2 л., механика, седан, бензин, руль слева",https://im.mashina.kg/tachka/images//1/6/2/162a6473469902209ca1fdbf63df06f4_240x180.jpg
Hyundai Starex (H-1),$ 13 025,"2009 г., 2.5 л., автомат, минивэн, дизель, руль слева",https://im.mashina.kg/tachka/images//0/1/d/01ddd74971fb47d62eb395a600b4c799_240x180.jpg
Toyota Vitz,$ 4 626,"2000 г., 1.3 л., автомат, хэтчбек 5 дв., бензин, руль справа",https://im.mashina.kg/tachka/images//3/6/8/36877f45a77271fad45fbe1b18962416_240x180.jpg
ВАЗ (Lada) 21099,$ 1 948,"2000 г., 1.5 л., механика, седан, бензин, руль слева, 200 000 км",https://im.mashina.kg/tachka/images//6/9/2/69283cc8e3a050a169c51591222df244_240x180.jpg
Mazda Familia,$ 3 200,"1996 г., 1.3 л., автомат, хэтчбек 3 дв., бензин, руль справа, 247 518 км",https://im.mashina.kg/tachka/images//f/b/f/fbf6d036f219d11de1ecf3ea0343bf3b_240x180.jpg
Toyota Camry,$ 8 999,"2005 г., 2.4 л., автомат, седан, бензин, руль слева, 230 500 км",https://im.mashina.kg/tachka/images//f/8/e/f8ec1cae898c17cc3883e27c7b4e61ea_240x180.jpg
ВАЗ (Lada) 2107,$ 2 435,"2011 г., 1.6 л., механика, седан, бензин, руль слева, 90 000 км",https://im.mashina.kg/tachka/images//1/7/f/17f704208220317ddebfce5e1691429c_240x180.jpg
Toyota Prius,$ 15 000,"2014 г., 1.8 л., автомат, хэтчбек 5 дв., гибрид, руль слева, 100 000 км",https://im.mashina.kg/tachka/images//d/6/b/d6bc24d8fa0ca973235206c798043f6b_240x180.jpg
Hyundai Santa Fe,$ 20 000,"2016 г., 2.2 л., автомат, внедорожник 5 дв., дизель, руль слева, 115 000 км",https://im.mashina.kg/tachka/images//6/f/5/6f5fbca202fffcec37ea3800cda02b61_240x180.jpg
Toyota Alphard,$ 16 700,"2011 г., 3.5 л., автомат, минивэн, бензин, руль справа",https://im.mashina.kg/tachka/images//4/6/5/465c91d35156340508e2ad95ad20b86d_240x180.jpg
Honda Accord,$ 2 374,"1993 г., 2 л., механика, седан, бензин, руль слева, 352 145 км",https://im.mashina.kg/tachka/images//4/8/9/489030e912ecda727f5a33987b54efc0_240x180.jpg
Daewoo Matiz,$ 1 887,"2004 г., 0.8 л., механика, хэтчбек 5 дв., бензин, руль слева, 220 000 км",https://im.mashina.kg/tachka/images//5/2/b/52bc831434b79169154c6201d325c253_240x180.jpg
Chevrolet Malibu,$ 16 000,"2017 г., 1.5 л., автомат, седан, бензин, руль слева, 82 000 км",https://im.mashina.kg/tachka/images//5/a/9/5a9544a838c2525e93197a6129237009_240x180.jpg
Kia Morning,$ 9 300,"2018 г., 1 л., автомат, хэтчбек 5 дв., бензин / газ, руль слева, 110 000 км",https://im.mashina.kg/tachka/images//0/5/9/05901d40c1632b02fc0aedfb0bd1cfc4_240x180.jpg
Volkswagen Vento,$ 2 313,"1993 г., 1.8 л., механика, седан, бензин, руль слева, 132 214 км",https://im.mashina.kg/tachka/images//1/7/f/17f704208220317ddebfce5e1691429c_240x180.jpg
Honda Stepwgn,$ 7 669,"2001 г., 2 л., автомат, минивэн, бензин, руль справа",https://im.mashina.kg/tachka/images//c/0/3/c0361ff63d97016f2b12930f36e76912_240x180.jpg
Toyota Caldina,$ 8 500,"2004 г., 1.8 л., автомат, универсал, бензин, руль справа",https://im.mashina.kg/tachka/images//3/f/f/3ffda771c11ca072b5822024a5398cfe_240x180.jpg
BMW 7 Серия,$ 13 500,"1995 г., 5.4 л., автомат, седан, бензин, руль слева",https://im.mashina.kg/tachka/images//4/e/5/4e5a435915c4d7abefa004a8dd87b689_240x180.jpg
Honda Accord,$ 16 000,"2007 г., 2.4 л., автомат, седан, бензин, руль справа, 88 000 км",https://im.mashina.kg/tachka/images//2/7/8/27845f78adcca1154047da08a3eaa3da_240x180.jpg
Audi 80,$ 1 704,"1990 г., 1.8 л., механика, седан, бензин, руль слева, 158 247 км",https://im.mashina.kg/tachka/images//8/d/7/8d798da3212198889819155ec7895d91_240x180.jpg
Mercedes-Benz E-класс,$ 5 800,"1998 г., 3.2 л., автомат, седан, бензин, руль слева",https://im.mashina.kg/tachka/images//7/e/4/7e4c76fe5c9884243a86793913464770_240x180.jpg
Hyundai Palisade,$ 49 000,"2019 г., 2.2 л., автомат, внедорожник 5 дв., дизель, руль слева, 115 000 км",https://im.mashina.kg/tachka/images//c/4/a/c4a0ec473c9614ed752b03d539f9acb1_240x180.jpg
Mercedes-Benz W124,$ 1 948,"1985 г., 2.5 л., механика, седан, дизель, руль слева, 326 023 км",https://im.mashina.kg/tachka/images//3/9/b/39bed3a2255778ca6fa222efdc0e927b_240x180.jpg
Volkswagen Golf,$ 2 252,"1989 г., 1.8 л., механика, хэтчбек 5 дв., бензин, руль слева",https://im.mashina.kg/tachka/images//5/6/1/56118a4015745956fac1081eb6456f09_240x180.jpg
Honda Odyssey,$ 5 900,"2001 г., 2.3 л., автомат, минивэн, бензин, руль справа",https://im.mashina.kg/tachka/images//2/8/8/2883226d3edba57312893ee7f5f25679_240x180.jpg
Honda Inspire,$ 9 000,"2003 г., 3 л., автомат, седан, бензин, руль справа, 197 000 км",https://im.mashina.kg/tachka/images//0/c/4/0c497fb93b702afa734602d0065723b2_240x180.jpg
Honda Odyssey,$ 5 900,"2001 г., 2.3 л., автомат, минивэн, бензин, руль справа",https://im.mashina.kg/tachka/images//7/3/d/73d6e6321211256e238b5170fb40692a_240x180.jpg
Nissan Murano,$ 7 000,"2005 г., 3.5 л., вариатор, внедорожник 5 дв., бензин, руль слева, 195 600 км",https://im.mashina.kg/tachka/images//0/0/d/00df6acc60e6231cd2a9f95b0bbb3ec6_240x180.jpg
Lexus RX,$ 42 800,"2016 г., 3.5 л., автомат, внедорожник 5 дв., бензин, руль слева, 128 747 км",https://im.mashina.kg/tachka/images//6/3/6/6367351dbca7aae05bcd4e911cc6ef96_240x180.jpg
Toyota RAV4,$ 22 500,"2016 г., 2.5 л., автомат, внедорожник 5 дв., бензин, руль слева, 125 000 км",https://im.mashina.kg/tachka/images//b/3/c/b3ce17c3ade75a33f3632a447d8ee9ae_240x180.jpg
Toyota Avensis,$ 6 300,"2001 г., 1.8 л., механика, седан, бензин, руль слева, 123 456 км",https://im.mashina.kg/tachka/images//1/8/3/183824a3d75c5a45881b36e1d278d2c2_240x180.jpg
ВАЗ (Lada) 2107,$ 730,"2005 г., 1.6 л., механика, седан, бензин, руль слева, 200 000 км",https://im.mashina.kg/tachka/images//2/5/6/2561284c8115f1434142930ad075e564_240x180.jpg
Nissan Primera,$ 6 200,"2002 г., 1.8 л., автомат, универсал, бензин, руль слева, 149 340 км",https://im.mashina.kg/tachka/images//7/c/4/7c48def3a294854e41aa2cd7d4cdff18_240x180.jpg
Daewoo Lanos (Sens),$ 1 887,"1998 г., 1.5 л., механика, седан, бензин, руль слева, 15 000 км",https://im.mashina.kg/tachka/images//6/4/2/642e5db1065893e116c4d8144cc25431_240x180.jpg
Toyota Camry,$ 10 700,"2005 г., 2.4 л., автомат, седан, бензин, руль слева, 230 000 км",https://im.mashina.kg/tachka/images//d/0/8/d087944d0fa217375b848f7903495c1d_240x180.jpg
Subaru Forester,$ 4 869,"2001 г., 2 л., автомат, универсал, бензин, руль справа, 11 141 км",https://im.mashina.kg/tachka/images//b/2/b/b2b073359492ea8b5b4a9fc108b277aa_240x180.jpg
Lexus RX,$ 17 800,"2006 г., 3.3 л., вариатор, внедорожник 5 дв., гибрид, руль слева",https://im.mashina.kg/tachka/images//d/0/a/d0a39a72fe7d581c1991ac5c0ca03d3a_240x180.jpg
Honda Odyssey,$ 7 300,"2003 г., 2.3 л., автомат, минивэн, бензин, руль справа, 240 100 км",https://im.mashina.kg/tachka/images//6/d/5/6d51e72aa035495450789e2fce512593_240x180.jpg
Toyota Camry,$ 17 800,"2015 г., 2.5 л., автомат, седан, бензин, руль слева",https://im.mashina.kg/tachka/images//6/3/c/63c6858fcdbf21db8387d5975c2501d4_240x180.jpg
Lexus LS,$ 6 959,"2002 г., 4.3 л., автомат, седан, бензин, руль справа, 200 000 км",https://im.mashina.kg/tachka/images//8/d/2/8d2be37ab120d2301f09763ad96b52aa_240x180.jpg
Daihatsu Terios,$ 4 869,"2004 г., 1.3 л., механика, внедорожник 5 дв., бензин, руль слева",https://im.mashina.kg/tachka/images//d/c/b/dcb64aac14f375265c51723b05236fdf_240x180.jpg
Mercedes-Benz E-класс,$ 5 356,"2001 г., 3.2 л., автомат, седан, дизель, руль слева",https://im.mashina.kg/tachka/images//6/8/7/687284b7e528a38bbf115e114d72362c_240x180.jpg
Hyundai Avante,$ 11 000,"2011 г., 1.6 л., механика, седан, бензин, руль слева, 165 000 км",https://im.mashina.kg/tachka/images//3/d/a/3dafd18de7f7c673f255d5ee9a2e1111_240x180.jpg
Subaru Impreza,$ 6 000,"2004 г., 1.5 л., автомат, универсал, бензин, руль справа",https://im.mashina.kg/tachka/images//f/1/6/f16bced9b1809eb35375d44c8076c5e7_240x180.jpg
Volkswagen Golf,$ 3 591,"1993 г., 1.8 л., механика, хэтчбек 5 дв., бензин, руль слева",https://im.mashina.kg/tachka/images//5/d/a/5da1cfc7d53c65be79af3f7a7bb4cb5c_240x180.jpg
Hyundai Santa Fe,$ 21 000,"2016 г., 2 л., автомат, внедорожник 5 дв., дизель, руль слева, 200 000 км",https://im.mashina.kg/tachka/images//2/d/a/2daf8d34f3548e925802cc3e1843c125_240x180.jpg
Mercedes-Benz G-класс,$ 12 500,"1991 г., 3 л., автомат, внедорожник, бензин, руль слева",https://im.mashina.kg/tachka/images//f/d/2/fd2fe5852eae0ecab775f696b61d831a_240x180.jpg
Honda CR-V,$ 6 300,"2001 г., 2 л., механика, внедорожник 5 дв., бензин, руль слева, 280 000 км",https://im.mashina.kg/tachka/images//6/1/4/614bec200e9908f372302562759c1be5_240x180.jpg
Mercedes-Benz E-класс,$ 27 500,"2002 г., 4.3 л., автомат, седан, бензин, руль слева, 108 000 км",https://im.mashina.kg/tachka/images//2/a/f/2af7b0e1cd654a31a73b804b230751fb_240x180.jpg
GMC Acadia,$ 54 000,"2020 г., 3.6 л., автомат, внедорожник 5 дв., бензин, руль слева, 38 000 км",https://im.mashina.kg/tachka/images//b/1/9/b198cf62c76596779022ce4aeb3f7e74_240x180.jpg
Chrysler 300C,$ 8 500,"2007 г., 2.7 л., автомат, седан, бензин, руль слева, 106 000 км",https://im.mashina.kg/tachka/images//2/3/7/237b998227c4c35d8eff901ff8dcfc17_240x180.jpg
Volkswagen Touareg,$ 16 500,"2008 г., 3 л., автомат, внедорожник 5 дв., дизель, руль слева, 180 000 км",https://im.mashina.kg/tachka/images//0/9/1/09120248bb2c89bdc36089f334ecf90b_240x180.jpg
Chevrolet Matiz,$ 4 260,"2009 г., 0.8 л., механика, хэтчбек 5 дв., бензин, руль слева, 17 000 км",https://im.mashina.kg/tachka/images//3/c/a/3cafe07b75e78b7a99f818dc49283009_240x180.jpg
Honda Odyssey,$ 6 200,"2000 г., 2.3 л., автомат, минивэн, бензин, руль справа, 300 000 км",https://im.mashina.kg/tachka/images//6/8/e/68e2ee1aaaa405a75621c1956e4dff94_240x180.jpg
Lexus ES,$ 15 300,"2010 г., 3.5 л., автомат, седан, бензин, руль слева, 175 000 км",https://im.mashina.kg/tachka/images//8/a/c/8aca706a905afc3785d5312dec9c684d_240x180.jpg
Honda Accord,$ 7 304,"2005 г., 2 л., механика, седан, бензин, руль справа, 176 000 км",https://im.mashina.kg/tachka/images//1/7/f/17f704208220317ddebfce5e1691429c_240x180.jpg
Volkswagen Golf,$ 3 895,"1999 г., 1.6 л., механика, хэтчбек 5 дв., бензин, руль слева, 285 000 км",https://im.mashina.kg/tachka/images//e/9/1/e91cc1b28ca40bf587c5cad1c792487c_240x180.jpg
ВАЗ (Lada) 2107,$ 2 313,"2010 г., 1.6 л., механика, седан, бензин, руль слева, 29 000 км",https://im.mashina.kg/tachka/images//5/d/e/5de3b054341de165a418b4962270d6c6_240x180.jpg
Mercedes-Benz S-класс,$ 7 500,"2001 г., 5 л., автомат, седан, бензин, руль слева, 270 000 км",https://im.mashina.kg/tachka/images//a/f/6/af6ca982b8821498fda9178203d9fc51_240x180.jpg
Mazda 121,$ 974,"1993 г., 1.3 л., механика, седан, бензин, руль слева, 300 000 км",https://im.mashina.kg/tachka/images//4/2/b/42b822bb8c4510ec3ac02bf545e8a179_240x180.jpg
Toyota 4Runner,$ 49 000,"2017 г., 4 л., автомат, внедорожник 5 дв., бензин, руль слева, 63 000 км",https://im.mashina.kg/tachka/images//1/f/6/1f667253df6e625b73f158947652c332_240x180.jpg
BMW 3 Серия,$ 1 826,"1991 г., 2 л., механика, седан, бензин, руль слева, 300 000 км",https://im.mashina.kg/tachka/images//1/b/3/1b3f77aa31c9b52d307edd53ef0879ac_240x180.jpg
Mercedes-Benz E-класс,$ 9 400,"2004 г., 3.2 л., автомат, седан, бензин, руль слева, 240 000 км",https://im.mashina.kg/tachka/images//6/d/8/6d8a5522b4513b3179aadcbd86e05315_240x180.jpg
ВАЗ (Lada) 21099,$ 1 156,"1997 г., 1.5 л., механика, седан, бензин, руль слева, 5 000 км",https://im.mashina.kg/tachka/images//6/f/7/6f7b0764f65a92bdb6f350b20cf439bb_240x180.jpg
Volkswagen Golf,$ 3 200,"1992 г., 1.9 л., механика, хэтчбек 5 дв., дизель, руль слева, 200 000 км",https://im.mashina.kg/tachka/images//1/a/a/1aa5915a18d9488058e9b7f870bc571d_240x180.jpg
Toyota Highlander,$ 16 500,"2006 г., 3.3 л., автомат, внедорожник 5 дв., бензин, руль слева, 13 999 км",https://im.mashina.kg/tachka/images//b/b/e/bbe2a4f5399f389e6c2b7e3a45ccccd6_240x180.jpg
Subaru Outback,$ 13 500,"2011 г., 2.5 л., вариатор, универсал, бензин, руль слева, 211 655 км",https://im.mashina.kg/tachka/images//8/f/1/8f149bbcf2003a483d5534ddd0115861_240x180.jpg
Toyota Camry,$ 11 500,"2004 г., 3 л., автомат, седан, бензин, руль слева, 342 000 км",https://im.mashina.kg/tachka/images//c/e/2/ce22afcaf8e6fd66c68f13472263b207_240x180.jpg
BMW X5,$ 9 000,"2004 г., 4.4 л., автомат, внедорожник 5 дв., бензин, руль слева, 299 000 км",https://im.mashina.kg/tachka/images//7/8/a/78a76e8467082968c79a9128fe3bc5f1_240x180.jpg
Weltmeister EX5,$ 22 500,"2021 г., автомат, внедорожник 5 дв., электро, руль слева, 10 000 км",https://im.mashina.kg/tachka/images//b/3/d/b3d3d88304c12d3e6ca71374a63866a1_240x180.jpg
Toyota Land Cruiser,$ 20 000,"1997 г., 4.5 л., автомат, внедорожник 5 дв., бензин, руль слева, 265 000 км",https://im.mashina.kg/tachka/images//a/d/3/ad3e98fa04bbff5eab46931bd2761861_240x180.jpg
Honda Fit,$ 5 600,"2002 г., 1.3 л., вариатор, хэтчбек 5 дв., бензин, руль справа, 148 432 км",https://im.mashina.kg/tachka/images//e/9/4/e945331412a39e32a1b90d04ece50a4b_240x180.jpg
Daewoo Matiz,$ 2 313,"2008 г., 0.8 л., механика, хэтчбек 5 дв., бензин, руль слева, 133 933 км",https://im.mashina.kg/tachka/images//1/9/0/190d3d92ea561dc5badc36f55492ff6a_240x180.jpg
Land Rover Range Rover,$ 9 300,"2003 г., 2.9 л., автомат, внедорожник 5 дв., дизель, руль слева",https://im.mashina.kg/tachka/images//4/2/9/429131847305e6b28dda795e7f2d7634_240x180.jpg
Mercedes-Benz E-класс,$ 3 652,"1994 г., 2.2 л., автомат, универсал, бензин, руль слева",https://im.mashina.kg/tachka/images//a/8/d/a8dd42d762654ccf3133048831c08ef8_240x180.jpg
Honda Inspire,$ 8 600,"2003 г., 3 л., автомат, седан, бензин, руль справа, 232 000 км",https://im.mashina.kg/tachka/images//5/3/8/538dae9bc1bf5583010918239f9f7e92_240x180.jpg
Nissan March,$ 2 678,"1998 г., 1.3 л., вариатор, хэтчбек 5 дв., бензин, руль справа, 203 000 км",https://im.mashina.kg/tachka/images//1/7/f/17f704208220317ddebfce5e1691429c_240x180.jpg
Opel Meriva,$ 2 678,"2005 г., 1.4 л., механика, компактвэн, бензин, руль слева",https://im.mashina.kg/tachka/images//0/1/f/01f464cd21252ba2c4dc1fc22b4ba2ab_240x180.jpg
Lexus RX,$ 15 200,"2003 г., 3.3 л., автомат, внедорожник 5 дв., бензин, руль слева, 140 000 км",https://im.mashina.kg/tachka/images//1/b/8/1b8d26b2abc84181534fb0dcdba46eb2_240x180.jpg
Mercedes-Benz S-класс,$ 8 500,"1996 г., 5 л., автомат, седан, бензин, руль слева",https://im.mashina.kg/tachka/images//7/2/5/7259dfa229d751fe9faf32698231ceb7_240x180.jpg
Honda Fit,$ 8 200,"2010 г., 1.5 л., вариатор, хэтчбек 5 дв., бензин, руль справа, 223 000 км",https://im.mashina.kg/tachka/images//b/4/3/b43733229f6e27a57b8c3ee5b1b805fd_240x180.jpg
Nissan Murano,$ 7 200,"2005 г., 3.5 л., вариатор, внедорожник 5 дв., бензин, руль слева, 7 200 км",https://im.mashina.kg/tachka/images//c/d/6/cd68e9f85876c03173e943aebe5a8dd4_240x180.jpg
Mazda 626,$ 1 643,"1991 г., 2 л., механика, хэтчбек 5 дв., бензин, руль слева",https://im.mashina.kg/tachka/images//0/6/c/06c306b65986ae1a87e66968550b758b_240x180.jpg
Audi 100,$ 1 948,"1988 г., 1.8 л., механика, универсал, бензин, руль слева, 360 000 км",https://im.mashina.kg/tachka/images//9/a/d/9adb18d530990d4ce2991bdb212d32ef_240x180.jpg
Toyota Camry,$ 20 500,"2016 г., 2.5 л., автомат, седан, бензин, руль слева, 105 000 км",https://im.mashina.kg/tachka/images//1/9/a/19aed9a09ead5cbf5b1fbe6dea0323ed_240x180.jpg
Toyota Highlander,$ 11 111,"2003 г., 3 л., автомат, внедорожник 5 дв., бензин, руль слева, 213 000 км",https://im.mashina.kg/tachka/images//6/9/5/695e92660b7dd34a5e1e8d8d10853eed_240x180.jpg
Toyota Highlander,$ 13 900,"2006 г., 3.3 л., вариатор, внедорожник 5 дв., гибрид, руль слева, 184 000 км",https://im.mashina.kg/tachka/images//8/3/7/837aafe4d2a8c525045723b7bd63fec5_240x180.jpg
Volkswagen Golf,$ 1 948,"1988 г., 1.6 л., механика, хэтчбек 5 дв., бензин, руль слева, 251 000 км",https://im.mashina.kg/tachka/images//0/8/8/0889b2230d610844746cead9f6341070_240x180.jpg
Nissan Primera,$ 3 895,"2000 г., 2 л., механика, универсал, бензин, руль слева",https://im.mashina.kg/tachka/images//6/c/7/6c70ff606a10fabdea28154fb019470f_240x180.jpg
Mitsubishi Pajero,$ 6 000,"1991 г., 2.5 л., механика, внедорожник 5 дв., дизель, руль слева, 350 000 км",https://im.mashina.kg/tachka/images//8/9/d/89dbec0e7212decfc79479812ff0828d_240x180.jpg
ВАЗ (Lada) 21099,$ 913,"1994 г., 1.5 л., механика, седан, бензин, руль слева, 137 856 км",https://im.mashina.kg/tachka/images//f/7/6/f76c76cc7a1ebce916d53028be0e3940_240x180.jpg
Chrysler 300M,$ 4 500,"2001 г., 2.7 л., автомат, седан, бензин, руль слева",https://im.mashina.kg/tachka/images//a/f/9/af9d62b69fc830fdabe964c036d066fe_240x180.jpg
Volkswagen Passat,$ 3 408,"2001 г., 1.8 л., автомат, универсал, бензин, руль слева, 290 856 км",https://im.mashina.kg/tachka/images//8/e/3/8e3bb73b9c3d9c89e7ac1ac81072db92_240x180.jpg
BMW X6,$ 20 000,"2010 г., 4.4 л., автомат, внедорожник 5 дв., бензин, руль слева, 246 000 км",https://im.mashina.kg/tachka/images//4/b/c/4bc5decdce1b5b233665d098534b5e57_240x180.jpg
Toyota Sequoia,$ 13 000,"2003 г., 4.7 л., автомат, внедорожник 5 дв., бензин, руль слева",https://im.mashina.kg/tachka/images//7/e/f/7efddbd6caec37748a6d698c39ce3179_240x180.jpg
Mercedes-Benz E-класс,$ 13 000,"2008 г., 3.5 л., автомат, седан, бензин, руль слева, 229 000 км",https://im.mashina.kg/tachka/images//1/3/5/135a9c4fd5565bdf88ff5108d225420c_240x180.jpg
Mercedes-Benz G-класс AMG,$ 217 500,"2020 г., 4 л., автомат, внедорожник 5 дв., бензин, руль слева, 23 000 км",https://im.mashina.kg/tachka/images//b/1/1/b114366e8ee1cd955ebaf0631dd44894_240x180.jpg
BMW 3 Серия,$ 14 700,"2007 г., 3 л., автомат, седан, бензин, руль слева, 236 500 км",https://im.mashina.kg/tachka/images//a/7/5/a759318469cd0c4b2eab19a4ee7f3dce_240x180.jpg
Subaru Impreza,$ 5 400,"2004 г., 1.5 л., автомат, универсал, бензин, руль справа, 278 700 км",https://im.mashina.kg/tachka/images//a/1/9/a19a3854cb1817fe23766fa891fdff38_240x180.jpg
Hyundai Elantra,$ 13 800,"2016 г., 2 л., автомат, седан, бензин, руль слева, 95 400 км",https://im.mashina.kg/tachka/images//b/2/8/b282a2b40fe995c9d8f253533b4e886b_240x180.jpg
Kia Seltos,$ 30 500,"2021 г., 1.6 л., автомат, внедорожник 5 дв., бензин, руль слева, 9 800 км",https://im.mashina.kg/tachka/images//7/7/c/77c4a03e7624413d13523f8c62473872_240x180.jpg
Honda Odyssey,$ 14 000,"2004 г., 2.4 л., автомат, минивэн, бензин, руль слева, 220 000 км",https://im.mashina.kg/tachka/images//1/5/1/1512602aa91e29a5c6b085fe3f330757_240x180.jpg
Honda Saber,$ 4 017,"2000 г., 2.5 л., автомат, седан, бензин, руль справа, 245 000 км",https://im.mashina.kg/tachka/images//d/b/e/dbea1f6eddf86b83491716d352ba0f74_240x180.jpg
Daewoo Tico,$ 1 826,"1997 г., 0.8 л., механика, хэтчбек 5 дв., бензин, руль слева, 221 220 км",https://im.mashina.kg/tachka/images//a/1/d/a1d1cf3331e157e1820c62f9fe26cc7f_240x180.jpg
Toyota Land Cruiser Prado,$ 62 000,"2017 г., 4 л., автомат, внедорожник 5 дв., бензин, руль слева, 120 000 км",https://im.mashina.kg/tachka/images//5/d/7/5d73f7b30faf920adecd950293c45352_240x180.jpg
Lexus RX,$ 16 700,"2005 г., 3.3 л., вариатор, внедорожник 5 дв., гибрид, руль слева",https://im.mashina.kg/tachka/images//a/c/a/aca4228dab1a1ada8fd5eafa90d6243b_240x180.jpg
Daewoo Nexia,$ 1 096,"2007 г., 1.5 л., механика, седан, бензин, руль слева",https://im.mashina.kg/tachka/images//a/1/4/a1425244aecf29f05a7d03b375956a7e_240x180.jpg
Mercedes-Benz Vito,$ 5 478,"2003 г., 2.1 л., механика, минивэн, дизель, руль слева",https://im.mashina.kg/tachka/images//8/2/2/822479fb6cda38302ce5be7990659fda_240x180.jpg
Daewoo Tico,$ 1 096,"1996 г., 0.8 л., механика, хэтчбек 5 дв., бензин, руль слева, 4 567 км",https://im.mashina.kg/tachka/images//e/1/e/e1e3d936ff4f806aa9163c1243a1f07c_240x180.jpg
Subaru Forester,$ 16 200,"2005 г., 2.5 л., механика, универсал, бензин, руль слева, 300 329 км",https://im.mashina.kg/tachka/images//7/c/2/7c2682c7d587b11bbd4252c82336f25d_240x180.jpg
Mercedes-Benz E-класс,$ 6 800,"1998 г., 4.3 л., автомат, седан, бензин, руль слева",https://im.mashina.kg/tachka/images//6/1/2/612f4d2d8860917374f17182f2154030_240x180.jpg
Honda Torneo,$ 5 000,"2001 г., 2 л., автомат, седан, бензин, руль справа",https://im.mashina.kg/tachka/images//f/c/0/fc00823cbda991ea0e6cafe8db7ff1e1_240x180.jpg
Honda Accord,$ 7 300,"2003 г., 2.4 л., механика, седан, бензин, руль слева, 33 000 км",https://im.mashina.kg/tachka/images//5/d/b/5db6f15f87b7e31580a332e968c7d863_240x180.jpg
Toyota Ist,$ 7 200,"2003 г., 1.3 л., автомат, хэтчбек 5 дв., бензин, руль справа",https://im.mashina.kg/tachka/images//9/b/c/9bc4bd5f8a2d723cea26c4b0d93d56d5_240x180.jpg
Cadillac Escalade,$ 100 000,"2016 г., 6.2 л., автомат, внедорожник 5 дв., бензин, руль слева",https://im.mashina.kg/tachka/images//4/b/6/4b615d7a258dd9b8fd6106ae8f034f4c_240x180.jpg
Kia Sorento,$ 27 000,"2018 г., 2.2 л., автомат, внедорожник 5 дв., дизель, руль слева",https://im.mashina.kg/tachka/images//5/9/6/596f1601156f236d6b77f324e23b1e13_240x180.jpg
Hyundai i40,$ 13 500,"2015 г., 1.7 л., автомат, универсал, дизель, руль слева, 100 000 км",https://im.mashina.kg/tachka/images//7/d/2/7d277e61c3752d4bd109d51e1b608e1e_240x180.jpg
Volkswagen Passat,$ 2 921,"1998 г., 1.6 л., механика, седан, бензин, руль слева, 100 000 км",https://im.mashina.kg/tachka/images//b/3/7/b375c9b85b39ed1506698b192bcb50b4_240x180.jpg
Hyundai Tucson,$ 22 000,"2016 г., 2 л., механика, внедорожник 5 дв., дизель, руль слева, 131 593 км",https://im.mashina.kg/tachka/images//3/0/b/30bb07da80fc8fd08aa8101152c69e4a_240x180.jpg
Kia Sportage,$ 24 000,"2016 г., автомат, внедорожник 5 дв., дизель, руль слева, 101 324 км",https://im.mashina.kg/tachka/images//3/d/f/3df47b2d79e48498ad99c3cc58c5bdb8_240x180.jpg
BMW 4 Серия,$ 32 000,"2016 г., 3 л., автомат, лифтбек, бензин, руль слева, 75 000 км",https://im.mashina.kg/tachka/images//3/8/9/389cecd1e32d13ce76cef062ace2a5f6_240x180.jpg
Toyota Corolla,$ 23 500,"2019 г., 1.6 л., вариатор, седан, бензин, руль слева, 26 000 км",https://im.mashina.kg/tachka/images//8/7/a/87ad8da23c1df18b98daf3b9565f8867_240x180.jpg
BMW X6,$ 58 000,"2017 г., 3 л., автомат, внедорожник 5 дв., бензин, руль слева, 75 000 км",https://im.mashina.kg/tachka/images//7/b/b/7bbaa0aab9a03af771365c0585b60acc_240x180.jpg
Toyota Corolla,$ 23 500,"2020 г., 1.8 л., вариатор, седан, бензин, руль слева, 27 000 км",https://im.mashina.kg/tachka/images//1/3/b/13bb6e874cf88d3aa90372736e8cd93f_240x180.jpg
Toyota Camry,$ 9 130,"2006 г., 3.5 л., автомат, седан, бензин, руль слева, 229 045 км",https://im.mashina.kg/tachka/images//0/f/3/0f34ce2f76a61c0e866633ddb3b66635_240x180.jpg
Chevrolet Volt,$ 19 800,"2015 г., 1.5 л., вариатор, хэтчбек 5 дв., гибрид, руль слева, 170 000 км",https://im.mashina.kg/tachka/images//4/3/9/43943e84cef6adcbe9a4509657ee6c91_240x180.jpg
Mercedes-Benz S-класс,$ 17 900,"2009 г., 5.5 л., автомат, седан, бензин, руль слева",https://im.mashina.kg/tachka/images//f/5/3/f53be72fc4da5254278d5d93f654934a_240x180.jpg
Daewoo Nexia,$ 2 678,"2008 г., 1.6 л., механика, седан, бензин, руль слева, 300 000 км",https://im.mashina.kg/tachka/images//8/b/4/8b46815775d1fc671b646183541a1fae_240x180.jpg
BMW 5 Серия,$ 3 165,"1991 г., 2 л., механика, седан, бензин, руль слева, 298 657 км",https://im.mashina.kg/tachka/images//3/f/9/3f9f6b66001ee978c23f7f221c5bac0a_240x180.jpg
Ford Focus,$ 4 017,"2003 г., 1.6 л., механика, универсал, бензин, руль слева, 312 000 км",https://im.mashina.kg/tachka/images//e/a/b/eab423ab7b80553402752f3a8527a1cc_240x180.jpg
Volkswagen Passat,$ 3 165,"1994 г., 1.8 л., механика, универсал, бензин, руль слева, 400 000 км",https://im.mashina.kg/tachka/images//5/9/9/59988e39d9a94526f2b54d7e899ab9fd_240x180.jpg
JAC J7 (Binyue),$ 6 500,"2007 г., 2.4 л., механика, седан, бензин, руль слева, 104 400 км",https://im.mashina.kg/tachka/images//6/b/c/6bcbd1ceecf2d016e4be1ca34ff504d5_240x180.jpg
Lexus LX,$ 13 000,"1999 г., 4.7 л., автомат, внедорожник 5 дв., бензин, руль слева, 195 000 км",https://im.mashina.kg/tachka/images//3/a/0/3a00632f5302a7e504784e61a9defa11_240x180.jpg
Subaru Legacy,$ 7 000,"2004 г., 2 л., автомат, универсал, бензин, руль справа, 315 000 км",https://im.mashina.kg/tachka/images//d/1/f/d1f8a37a8ed8e8a642abb466c824cdca_240x180.jpg
Honda Accord,$ 7 000,"2003 г., 3 л., автомат, седан, бензин, руль справа",https://im.mashina.kg/tachka/images//9/3/e/93e4dcd45c217491354a6d2ff5a1ee3a_240x180.jpg
Toyota Prius v (+),$ 15 500,"2015 г., автомат, универсал, гибрид, руль слева",https://im.mashina.kg/tachka/images//4/1/a/41aaa1378930b44d27a77a4a571ffde6_240x180.jpg
Subaru Legacy,$ 7 200,"2004 г., 2 л., автомат, универсал, бензин, руль справа, 350 000 км",https://im.mashina.kg/tachka/images//6/0/1/601f92ace4e26144686d47ae0af26f17_240x180.jpg
Mercedes-Benz E-класс,$ 4 017,"1993 г., 2 л., механика, седан, бензин, руль слева, 300 000 км",https://im.mashina.kg/tachka/images//4/1/6/416d4d12f3d5f987fbc95cb724c58c49_240x180.jpg
Mazda MPV,$ 5 300,"2000 г., 2.5 л., автомат, минивэн, бензин, руль слева, 200 000 км",https://im.mashina.kg/tachka/images//7/0/c/70cf37c5e81a41820396f8717d0efbcd_240x180.jpg
Mazda 626,$ 2 252,"1990 г., 2 л., механика, седан, бензин, руль слева, 200 000 км",https://im.mashina.kg/tachka/images//4/f/3/4f3533ad9a80107d13d7a307ea5de8ac_240x180.jpg
Mercedes-Benz E-класс,$ 3 043,"1997 г., 2 л., автомат, седан, бензин, руль слева",https://im.mashina.kg/tachka/images//1/7/f/17f704208220317ddebfce5e1691429c_240x180.jpg
Toyota FJ Cruiser,$ 25 000,"2009 г., 4 л., автомат, внедорожник 5 дв., бензин, руль слева, 190 000 км",https://im.mashina.kg/tachka/images//1/a/2/1a2e8824d3d397f21fbda51b1c3b23c5_240x180.jpg
Mercedes-Benz W124,$ 3 043,"1990 г., 2 л., механика, седан, бензин, руль слева",https://im.mashina.kg/tachka/images//c/5/f/c5fe5795c47040f51aff8e562d7b615e_240x180.jpg
Toyota Camry,$ 29 500,"2018 г., 2.5 л., вариатор, седан, гибрид, руль слева, 46 500 км",https://im.mashina.kg/tachka/images//b/0/2/b02f070032c07799c8d799679fdb1006_240x180.jpg
Honda Odyssey,$ 6 000,"2003 г., 2.3 л., автомат, минивэн, бензин, руль справа",https://im.mashina.kg/tachka/images//e/e/8/ee858b45bdb2eeae557c4e5f3949f0e3_240x180.jpg
Toyota Corolla,$ 4 869,"2000 г., 1.5 л., автомат, седан, бензин, руль справа",https://im.mashina.kg/tachka/images//2/5/1/251311fab733760949e57b691a3d31d6_240x180.jpg
BMW X5,$ 16 300,"2008 г., 3 л., автомат, внедорожник 5 дв., бензин, руль слева, 140 000 км",https://im.mashina.kg/tachka/images//1/8/6/186a7b99c8a0622bbd531f7e21095b4c_240x180.jpg
Honda Odyssey,$ 6 800,"2001 г., 2.3 л., автомат, минивэн, бензин, руль справа",https://im.mashina.kg/tachka/images//9/8/f/98fc447a658834dcbe7e0f70585910b2_240x180.jpg
Toyota Crown Majesta,$ 9 800,"2005 г., 4.3 л., автомат, седан, бензин, руль справа, 78 900 км",https://im.mashina.kg/tachka/images//2/b/d/2bd291dbdd6ff9fd238a28cec22654b4_240x180.jpg
Opel Vectra,$ 3 165,"2002 г., 2.2 л., механика, седан, дизель, руль слева, 205 000 км",https://im.mashina.kg/tachka/images//6/8/7/68702c42156fb6d77e628dff74ce2335_240x180.jpg
Toyota RAV4,$ 19 999,"2015 г., 2.5 л., автомат, внедорожник 5 дв., бензин, руль слева, 202 000 км",https://im.mashina.kg/tachka/images//e/c/5/ec572b1ec497c08e391300b6c0f194c1_240x180.jpg
Toyota Prius v (+),$ 10 800,"2014 г., 1.8 л., вариатор, универсал, гибрид, руль справа, 191 900 км",https://im.mashina.kg/tachka/images//c/e/8/ce8e83d121027c9df106d423de5b6aad_240x180.jpg
Honda Stepwgn,$ 8 156,"2003 г., 2 л., автомат, минивэн, бензин, руль справа, 350 000 км",https://im.mashina.kg/tachka/images//1/a/1/1a18313d59994efda03c412c529b6daa_240x180.jpg
Audi A6,$ 2 069,"1997 г., 2.8 л., автомат, седан, бензин, руль слева, 200 000 км",https://im.mashina.kg/tachka/images//8/7/4/874513e6724c5c14cfb292a9e134271d_240x180.jpg
Toyota Sequoia,$ 17 500,"2005 г., 4.7 л., автомат, внедорожник 5 дв., бензин, руль слева, 250 000 км",https://im.mashina.kg/tachka/images//a/7/2/a722a0d8ab49d9437997062856a898b0_240x180.jpg
Mercedes-Benz G-класс AMG,$ 239 000,"2022 г., 4 л., автомат, внедорожник 5 дв., бензин, руль слева, 2 000 км",https://im.mashina.kg/tachka/images//1/c/5/1c54863c47d6448c4e72c950f72d82a3_240x180.jpg
Ford Focus,$ 3 408,"2003 г., 1.6 л., механика, универсал, бензин, руль слева, 360 000 км",https://im.mashina.kg/tachka/images//8/4/7/8470af9cba46ec2b5ac3c20d08ba899e_240x180.jpg
Audi A4,$ 7 000,"2005 г., 3.1 л., автомат, седан, бензин, руль слева, 222 222 км",https://im.mashina.kg/tachka/images//d/e/a/deaed330de00abba7d522af176871108_240x180.jpg
BMW 3 Серия,$ 6 800,"2002 г., 2.2 л., механика, седан, бензин, руль слева",https://im.mashina.kg/tachka/images//4/c/c/4cc93f810fdae4a62f324544d540b9ad_240x180.jpg
Mercedes-Benz A-класс,$ 6 666,"2005 г., 1.7 л., вариатор, хэтчбек 5 дв., бензин, руль слева, 185 675 км",https://im.mashina.kg/tachka/images//4/5/0/4508baf8402a1fd03e117803077e1c5f_240x180.jpg
Audi 100,$ 4 808,"1993 г., 2.6 л., механика, универсал, бензин, руль слева, 100 000 км",https://im.mashina.kg/tachka/images//e/1/e/e1e844a2d3a0e26a226c581862e2b9d5_240x180.jpg
Chevrolet Matiz,$ 2 861,"2005 г., 0.8 л., механика, хэтчбек 5 дв., бензин, руль слева, 25 000 км",https://im.mashina.kg/tachka/images//9/b/1/9b196b926bd2c1fce3d5cf9fd8752d3b_240x180.jpg
Honda Stepwgn,$ 6 939,"2001 г., 2 л., автомат, минивэн, бензин, руль справа, 286 000 км",https://im.mashina.kg/tachka/images//8/3/1/831b4d839907f5b32aef32a82ccc023f_240x180.jpg
Toyota Land Cruiser Prado,$ 75 000,"2019 г., 4 л., автомат, внедорожник 5 дв., бензин, руль слева, 51 000 км",https://im.mashina.kg/tachka/images//c/5/1/c512e4b0e4e1f7bd9e1147aab2668a44_240x180.jpg
Ford Focus,$ 3 550,"2000 г., 2 л., автомат, седан, бензин, руль слева, 196 906 км",https://im.mashina.kg/tachka/images//9/3/9/939dc754da5ac6dacdb55a625cc695ee_240x180.jpg
Daewoo Matiz,$ 2 191,"2007 г., 0.8 л., механика, хэтчбек 5 дв., бензин, руль слева, 172 890 км",https://im.mashina.kg/tachka/images//2/3/8/2380fda5a299e873060807cca1d78233_240x180.jpg
Infiniti FX,$ 17 900,"2011 г., 3.7 л., автомат, внедорожник 5 дв., бензин, руль слева, 150 000 км",https://im.mashina.kg/tachka/images//6/6/5/665cb8cfbe43eba4c186bb8e574006f5_240x180.jpg
Toyota Camry (Japan),$ 9 738,"2003 г., 2.4 л., автомат, седан, бензин, руль справа, 157 000 км",https://im.mashina.kg/tachka/images//b/0/b/b0b25ad441f4c949ec6e051d4689ccb8_240x180.jpg
Ford Mustang,$ 35 000,"2019 г., 2.3 л., механика, купе, бензин, руль слева, 22 000 км",https://im.mashina.kg/tachka/images//6/2/0/62068c94909ac0027f450612fbf8ded3_240x180.jpg
Nissan Primera,$ 4 017,"2004 г., 1.8 л., механика, седан, бензин, руль слева",https://im.mashina.kg/tachka/images//7/9/1/791022bb4e43142de7443336fe11d207_240x180.jpg
Toyota Land Cruiser,$ 55 000,"2014 г., 4 л., автомат, внедорожник 5 дв., бензин, руль слева, 100 000 км",https://im.mashina.kg/tachka/images//2/a/a/2aa1511e04d039e241909b0dfc954040_240x180.jpg
Honda Fit,$ 7 182,"2005 г., 1.3 л., вариатор, хэтчбек 5 дв., бензин, руль справа, 277 000 км",https://im.mashina.kg/tachka/images//4/9/8/498c14ec7090642fd4a2bba4425c2cfe_240x180.jpg
Mercedes-Benz E-класс,$ 10 500,"2001 г., 3.2 л., автомат, седан, бензин, руль слева, 218 456 км",https://im.mashina.kg/tachka/images//a/6/0/a600107a24744eb0bc3079f701950213_240x180.jpg
